image_id,label,shape_area,shape_perimeter,shape_equiv_diameter,shape_eccentricity,shape_solidity,shape_extent,shape_circularity,shape_aspect_ratio,shape_major_axis,shape_minor_axis,intensity_mean,intensity_std,intensity_min,intensity_max,intensity_median,intensity_skew,intensity_kurt,intensity_p10,intensity_p90,intensity_entropy,glcm_contrast,glcm_dissimilarity,glcm_homogeneity,glcm_ASM,glcm_energy,glcm_correlation,lbp_bin0,lbp_bin1,lbp_bin2,lbp_bin3,lbp_bin4,lbp_bin5,lbp_bin6,lbp_bin7,lbp_bin8,lbp_bin9
2,0,7728.0,726.3990616607231,99.19473373981775,0.8477910265932034,0.8049161545672325,0.5853215178368553,0.18404601922182814,1.8856168253222176,151.68555277834616,80.44346589473493,58.90786749482402,25.63670174583311,0.0,255.0,59.0,0.12566114903724235,0.3502275820464611,25.0,92.0,6.719024779735024,9.537838942261356,1.545677660617645,0.6311362951259595,0.14937873234865046,0.3859473131299803,0.7282188964114289,0.030150103519668736,0.0583592132505176,0.0702639751552795,0.15760869565217392,0.2329192546583851,0.171972049689441,0.09368530020703934,0.062111801242236024,0.050724637681159424,0.07220496894409938
3,1,63593.0,1368.9331162702408,284.55073777508153,0.7350573363566392,0.8772416266622524,0.6983713855851701,0.42643684131129406,1.4749154854288022,367.6091175062279,249.2408013462228,40.770320632774045,14.882441699995248,0.0,251.0,41.0,1.1381611413321808,11.815931474086476,22.0,59.0,5.902486772769121,2.020486253187113,0.6791867663803797,0.7387647356268332,0.10731487021479269,0.3274314120757382,0.8561135789290204,0.038557702891827715,0.06841948013146101,0.06930008019750601,0.14092746056955954,0.1869073640180523,0.15668391175129337,0.09867438240057869,0.07216203041215229,0.06650102998757725,0.10186655763999182
4,0,6732.0,685.9726547895302,92.58211822569797,0.7895681158765386,0.6529582929194956,0.5149938800489596,0.17977958109507272,1.629559083322169,138.50245856289632,84.99382439115523,66.64468211527036,17.939970872464958,25.0,192.0,65.0,0.5736217936260403,0.955686498934246,45.0,90.0,6.1608213227569815,6.94830092429477,1.0494427115584934,0.7538510869433339,0.21538050328762887,0.4638174193849758,0.8104090775813908,0.03312537136066548,0.05897207367795603,0.05570409982174688,0.13220439691027927,0.25074272133095665,0.14869281045751634,0.08927510398098633,0.0778371954842543,0.06431966726084373,0.08912655971479501
5,0,7979.0,656.611219075793,100.79274937931727,0.9084985358139676,0.8957117198024248,0.8168509418509419,0.23256359445716074,2.392985475649548,164.39439947359975,68.6984526844973,57.45406692567991,18.43052932012426,0.0,235.0,55.0,1.4726061032154718,6.661409394549429,37.0,79.0,6.135133915270361,8.02061361539673,1.333026790088104,0.6474823958204303,0.04983557782495302,0.2216981499497563,0.6350739119524667,0.029326983331244515,0.0719388394535656,0.05852863767389397,0.13811254543175835,0.22321092868780548,0.16418097505953128,0.08961022684546936,0.07269081338513599,0.06228850733174583,0.0901115427998496
6,1,18028.0,936.920922961421,151.50565175096776,0.8158728927967541,0.7756647448584459,0.5434048709910779,0.25807832912667344,1.7294117772398152,220.34854125275464,127.41242088939424,39.4629465276237,16.97241959364319,8.0,221.0,39.0,0.48077266717027606,1.3541084947885569,17.0,63.0,6.041506492841434,2.5530295305118393,0.666688409028378,0.78345937336096,0.20147119132801522,0.44869025389992423,0.8297110906165004,0.023518970490348345,0.046372309740403815,0.05186376747282006,0.16224761482138894,0.24112491679609496,0.17522742400710006,0.09651652984246727,0.059130241846017305,0.07050144220102063,0.07349678278233858
7,1,19339.0,1246.1402230514273,156.9177477394871,0.6548123754996394,0.6338993051003016,0.5451291013643026,0.1564984528758162,1.323116274487799,215.6556591426848,162.99070860281637,87.37478670044987,19.36281586689861,19.0,255.0,87.0,1.5862643378956043,9.437487103825893,65.0,110.0,6.187541985091308,6.8086841003863015,0.8838817812136077,0.7845738323542917,0.20286465117868804,0.45028318110990695,0.8883867559108011,0.022131444231863074,0.06267128600237862,0.056983297998862405,0.14406122343451058,0.24344588655049382,0.16753710119447748,0.09623041522312425,0.07135839495320337,0.06060292672837272,0.07497802368271368
8,0,41427.0,1629.4966081312812,229.66605021148334,0.7227487214356931,0.7525750722110197,0.616106484235574,0.19605883909287403,1.446945765126672,321.7992001228907,222.3989370428953,34.03422888454389,28.544684814335834,0.0,242.0,33.0,1.3335886957431164,5.7177118927263795,0.0,68.0,6.377441422915011,5.153324121809815,0.9541758927368709,0.7271823691327057,0.2519106686240846,0.501736324461154,0.7687938048172867,0.033770246457624255,0.0642093320781133,0.06300238974581794,0.13824317474111086,0.18147584908393077,0.13411543196466072,0.07519250730200111,0.05609867960508847,0.17194100465879741,0.08195138436285514
9,0,10260.0,1134.447834896002,114.29539679699603,0.8731773484342584,0.6461364065747214,0.5264778325123153,0.10018164615334703,2.051691866497215,191.75188633374583,93.46037261487879,78.88820662768032,21.1090059884603,16.0,242.0,79.0,0.3951460724297271,0.6788326395379043,52.0,106.0,6.341608095830423,10.209916854933027,1.1461073731372964,0.7745217153839844,0.20485364586391613,0.45225334068543604,0.8021799482057942,0.01617933723196881,0.047270955165692005,0.04805068226120858,0.1313840155945419,0.28060428849902536,0.1956140350877193,0.09727095516569201,0.05896686159844054,0.05448343079922027,0.07017543859649122
10,0,34016.0,1546.282358675158,208.11178811809603,0.9366617268055216,0.8392795460152973,0.8043318909460642,0.1787785887284225,2.8552228172030105,373.8002638804461,130.91807113205357,16.359771872060207,22.275166984785418,0.0,224.0,3.0,1.4649523104366773,2.13551773919595,0.0,51.0,5.383357975970528,3.349268039406482,0.7986807561828575,0.7685387433616537,0.3532201076307048,0.5937636962101911,0.7306750663488142,0.01319967074317968,0.03224952963311383,0.03254350893697084,0.11035983066792097,0.20666745061147695,0.10947789275634995,0.03848189087488241,0.021636876763875823,0.39475540921919094,0.04062793979303857
11,1,67453.0,1501.6305550595491,293.0594257331112,0.8084599620942505,0.8216456544247518,0.7337909577477046,0.37591091878250804,1.6990875841623232,413.2926310924521,243.24386508669113,56.803863430833324,32.59561738411959,0.0,219.0,56.0,0.5395260789719226,0.12254089185525796,16.0,100.0,6.860927313293408,6.162013153431781,1.2867745863833815,0.6188262935456993,0.07828652485289712,0.2797471356624601,0.8517857598014199,0.042399893259009974,0.07403673669073281,0.0736512831156509,0.13704357107912177,0.17495144767467719,0.13800720501682653,0.0845774094554727,0.08140483002979852,0.09541458497027559,0.09851303870843402
12,0,3450.0,356.1076477383248,66.2772693261899,0.9744489026758718,0.8520622375895283,0.555019305019305,0.3418742239233264,4.452175469078666,144.85423275688703,32.5356073144312,60.22666666666667,29.45279075218149,0.0,254.0,61.0,0.35920776445002883,1.2789289697364659,21.0,97.0,6.839850885427218,11.65962077307436,1.5545357351926508,0.6674415913033281,0.16620442915953373,0.4066270201223512,0.7081732553690718,0.022318840579710144,0.04579710144927536,0.04782608695652174,0.14753623188405798,0.3011594202898551,0.17797101449275363,0.0918840579710145,0.05681159420289855,0.04521739130434783,0.06347826086956522
13,0,36869.0,1102.7249634685274,216.66349202124644,0.8310925818719265,0.7533356490468115,0.6458727489313993,0.38101038214627647,1.798127514929213,325.4345458786232,180.98524335824683,42.56852640429629,12.997380397783447,22.0,109.0,37.0,1.2209272755519844,0.6201468240088044,32.0,63.0,5.3226407993498315,1.5386654515676832,0.4062277858615735,0.8621113976799523,0.2003110548872068,0.44739657658058435,0.8936547000071617,0.016328080501234098,0.04581084379831295,0.035151482275082045,0.10672923051886408,0.13447611814803764,0.17887656296617754,0.07819577422767095,0.06306110824812172,0.27226124928801976,0.06910955002847921
14,1,57863.0,2215.587011926903,271.428553724568,0.5884889813897758,0.6782436439932953,0.6745118610479688,0.14812664604225437,1.2368503676091323,340.10746135340355,274.9786637577197,62.197034374297914,17.06526022346649,7.0,245.0,62.0,0.5215802644500065,4.76392430265905,45.0,81.0,6.004529808078642,3.082622364378854,0.6532735995326949,0.794904247645021,0.12457573523984584,0.35269681911794026,0.8966843460471181,0.021343518310492023,0.06252700343915801,0.04543490658970326,0.12844131828629693,0.22221454124397283,0.19337054767295161,0.09729879197414583,0.07201493182171681,0.07249883345142838,0.08485560721013428
15,0,10819.0,1047.5706345359768,117.36770694909961,0.9368451178186815,0.7041785993230929,0.5706223628691983,0.12388831701406447,2.8592299789507916,247.46441845363356,86.54932281608275,39.160181162769206,11.387418387688733,10.0,161.0,37.0,0.8036294360567815,1.5323253416449774,26.0,56.0,5.4993679168700265,2.4951136234264544,0.6436934501495459,0.8016144379759165,0.18904416224612508,0.43425910623247205,0.7956927992128462,0.015066087438765136,0.0587854700064701,0.041778352897680004,0.113966170625751,0.27488677326924854,0.18901931786671597,0.0866068952768278,0.07126351788520197,0.07468342730381736,0.07394398742952214
16,1,44925.0,1756.0762979144981,239.16581391835078,0.8662618307507213,0.8153801477394413,0.6493553422756707,0.18306747329685705,2.001640253281251,386.1744360536735,192.92899182089542,25.013734001112965,24.23677514362719,0.0,255.0,20.0,0.9492003677901387,1.7924844635529373,0.0,60.0,6.0361348496574205,3.0046161535365647,0.7335132842909136,0.7704890864759408,0.2953543445847911,0.5432147803742875,0.7967737034216279,0.01616026711185309,0.03926544240400668,0.04491930996104619,0.1371619365609349,0.2366388425153033,0.1433945464663328,0.059654980523094044,0.03325542570951586,0.24144685587089593,0.04810239287701725
17,1,27596.0,1899.6692270270614,187.44684173522782,0.8085514831781171,0.72184148574418,0.5850328598685606,0.09609483050874755,1.6994506544742198,292.8365172624845,172.31245667034855,84.81816205247138,21.033964293627893,18.0,252.0,82.0,0.7787793975034566,1.2824448829223059,60.0,112.0,6.363676847847662,7.994064246318118,1.0187776680466774,0.7582572519868822,0.1681345792853129,0.40987389181274403,0.8627014971818929,0.025474706479199884,0.06026235686331352,0.05591390056529932,0.1475213799101319,0.2371720539208581,0.17495289172343817,0.0963907812726482,0.06616901000144948,0.05986374836932889,0.07627917089433252
18,0,26801.0,1061.8792924010781,184.72707716641625,0.8325826392478591,0.7602689209122887,0.6755646299657189,0.29868303747578606,1.8053772702742996,278.7872137587832,154.42047396355318,40.35118092608485,30.110385257690446,0.0,255.0,25.0,1.3629498265611273,3.4295263536883107,16.0,82.0,6.121542808149968,6.632378975514331,1.0039965805826945,0.7459624593150656,0.15775040667242318,0.3970676274771158,0.7623596998549131,0.029588448192231633,0.04671467482556621,0.04566993768889221,0.10007089287713145,0.13100257453080108,0.1120853699488825,0.0656691914480803,0.06324390880937278,0.3381963359576135,0.0677586657214283
19,0,41669.0,1899.5260453828039,230.33588211472718,0.853322746777465,0.7955287424349453,0.736578812465751,0.1451217265256253,1.9179756434247044,348.00579621114235,181.44432511653233,37.18397369747294,16.93129039211014,0.0,195.0,36.0,0.7396051839502404,2.296995267464526,17.0,59.0,6.090991886682454,2.510573921344268,0.6851738520957855,0.7715416026087358,0.09231607983003287,0.3031007781485684,0.8139315667023644,0.016343084787251914,0.05582087403105426,0.04386954330557489,0.13036069980081116,0.25546569392114044,0.19683697712928075,0.09534666058700712,0.07187597494540306,0.06436439559384674,0.06971609589862968
20,0,23112.0,1218.3168465605643,171.54332501709032,0.8435883661993864,0.696480231436837,0.6416079062794958,0.19567119338102537,1.8622307529090798,265.9420726052137,142.80833467591106,22.481957424714434,22.161468558225987,0.0,153.0,18.0,0.6131846058160404,-0.16403171051020804,0.0,53.0,5.720385786185477,1.694594618099094,0.447351157609132,0.8546896949038524,0.37159407721223925,0.6095095047271295,0.8555292878803906,0.014970578054690204,0.04119072343371409,0.033575631706472826,0.09977500865351333,0.16848390446521289,0.13789373485635167,0.0646417445482866,0.043440636898580826,0.34233298719280025,0.05369505019037729
21,0,13492.0,801.3868683519032,131.06695974793502,0.7946446980529699,0.8712948014207298,0.733101499673984,0.26399867858317433,1.647243489809217,181.01615839138748,109.8903468195541,38.628594722798695,18.002503136877817,4.0,140.0,35.0,0.9873109938868873,1.4037860695495405,18.0,63.0,6.1168362554604325,4.545889899306394,1.193067151177757,0.6219035876339354,0.07638337998188281,0.2760067853249023,0.693975452860631,0.03965312777942485,0.07515564779128373,0.07589682774977764,0.15157130151200712,0.18885265342425142,0.13808182626741772,0.08849688704417433,0.07700859768751853,0.06603913430180848,0.0992439964423362
22,1,12949.0,1053.6549416771886,128.4024098869473,0.7869495635406847,0.7955885967068076,0.7297266835728374,0.1465714142028883,1.6207000237979174,178.83665456389735,110.3453149490397,55.492084330836356,17.15709564160538,0.0,248.0,55.0,1.055765444765596,6.452304312897287,35.0,76.0,6.0840960556028705,6.399812395472916,1.1974953407792368,0.6730587301551383,0.07687337916815859,0.2764217366533561,0.7257782788447971,0.03143099853270523,0.08348134991119005,0.055525523206425204,0.12734574098385976,0.21638736581975443,0.15182639586068422,0.08286354158622287,0.08896439879527376,0.06849949803073596,0.09367518727314851
23,0,16153.0,975.2274887854692,143.4107330924261,0.8426937859063903,0.7681662545177859,0.7129993378945045,0.2134278987028069,1.8573787599859575,225.3280323761806,121.31506897273024,15.095647867269237,21.565851297380167,0.0,245.0,2.0,1.7470258094818585,5.172863325754021,0.0,50.0,5.294230829581276,3.0904024587660954,0.6613883532475285,0.8140639007039219,0.4312098266213695,0.6564068070221976,0.703569322531216,0.011081532842196496,0.0251965579149384,0.029220578220763946,0.08933325078932706,0.18176190181390453,0.1081532842196496,0.034606574630099675,0.02080108958088281,0.46920076765925833,0.030644462328979136
24,0,13805.0,1034.3574311003804,132.5785499810166,0.9011150145901601,0.7298440391223896,0.7298440391223896,0.16214553620130748,2.3063787457490776,243.23020287957834,105.45978336293624,52.530387540746105,25.81938562097754,0.0,255.0,47.0,1.6751638380118736,6.278500133536861,28.0,82.0,6.484078567080705,7.993278190476112,1.1547590767398135,0.7062670133138582,0.08479996569502274,0.2908024563133937,0.7175591409659909,0.029192321622600506,0.06700470843897138,0.05650126765664614,0.1385729808040565,0.21383556682361463,0.1752988047808765,0.09214052879391525,0.06859833393697935,0.06628033321260413,0.0925751539297356
25,0,4630.0,517.8183258569794,76.77954865798446,0.8962430172604161,0.7980006894174423,0.6260987153482083,0.21698815268215488,2.254469352066606,128.7395021502684,57.104126091692784,59.10604751619871,22.37941496034927,7.0,203.0,55.0,0.9901185128323686,1.655907146350275,34.0,90.0,6.436280273941808,9.891011961718934,1.6577760112683861,0.5989747979205996,0.1203770398706046,0.34652530340702514,0.6972678947771639,0.06371490280777538,0.08660907127429805,0.0734341252699784,0.12397408207343412,0.14211663066954644,0.11511879049676026,0.0857451403887689,0.08920086393088553,0.07883369330453564,0.14125269978401728
26,0,5053.0,439.40411229460636,80.21022016892097,0.9036428289992913,0.7967518133081047,0.49714679260133804,0.3288750507444305,2.3348836604862675,132.6699946177271,56.82081589885168,74.9916881060756,24.664684381325635,0.0,255.0,76.0,0.27824032155242917,2.447789055469956,42.0,104.0,6.615034428617287,10.03061135648914,1.2846098976123745,0.7177332667067944,0.22159559676503388,0.47040054170281315,0.7979116653127847,0.022362952701365527,0.04611122105679794,0.05679794181674253,0.1551553532554918,0.2790421531763309,0.188996635661983,0.09024341975064318,0.06154759548782901,0.04254898080348308,0.05719374628933307
27,0,24518.0,1395.6021638285526,176.68414517951723,0.9048183013740414,0.6665035611373892,0.46663621483765366,0.1581873083953114,2.3485320805484133,324.7253874629738,138.2673841896791,30.413777632759604,23.77996281090145,0.0,255.0,17.0,2.5270882775794123,11.041181158949525,15.0,63.0,5.6506974834851995,3.5489731098045905,0.6176788882374252,0.8372204003173294,0.3088466840221634,0.5556695500035413,0.7471480518124748,0.02728607553634065,0.04878048780487805,0.040541642874622724,0.09548087119667183,0.12990455991516436,0.10681947956603312,0.06264785055877314,0.06815400929929032,0.34831552328901216,0.07206949995921363
28,1,19253.0,1268.8031739553296,156.56845453278922,0.70227141221334,0.6870182700542392,0.5559309309309309,0.150286427934353,1.4046733031892358,219.89259595936676,156.54358594280419,66.98265205422531,23.044268060347076,26.0,162.0,67.0,0.2282861193061953,-0.343338370400855,34.0,95.0,6.501061134791809,5.467936174690859,0.8733865601025049,0.7726591420623612,0.1880591979854681,0.43348548502979833,0.864889454432692,0.012361709863397912,0.039214667843972366,0.041811665714434114,0.14273100296057759,0.30722484807562456,0.20038435568482835,0.08305199189736664,0.0556276943852906,0.06596374590972835,0.051628317664779516
29,0,6272.0,541.9310242291875,89.36307080992091,0.7511745592200343,0.7100645307370089,0.4839506172839506,0.2683662425942539,1.5149136868405075,124.94714700452978,82.47806333119783,73.37914540816327,18.747722617728947,14.0,127.0,75.0,-0.33696203073771314,-0.4253542733782658,46.0,97.0,6.262527851371759,6.99065559203684,0.9609972577542555,0.773477502217492,0.24266782541522752,0.49236323456184244,0.8392504495752435,0.020886479591836735,0.042889030612244895,0.05197704081632653,0.1513073979591837,0.27455357142857145,0.2024872448979592,0.09821428571428571,0.05325255102040816,0.04400510204081633,0.060427295918367346
30,1,9376.0,530.9432175380073,109.26066982879469,0.7876759346460032,0.7891591616867267,0.56197554543275,0.41795671587869315,1.6231400453801106,147.94141809930161,91.14519632509982,53.95051194539249,14.771723740427491,25.0,118.0,52.0,0.4664459665534651,-0.36852487598195793,35.0,75.0,5.899265813226558,3.7601782375016355,0.7591482063552213,0.7789231759305411,0.18459070050900134,0.4293805126013803,0.8392076056734961,0.030290102389078498,0.05791382252559727,0.06228668941979522,0.13918515358361774,0.2197098976109215,0.16414249146757678,0.09609641638225255,0.07284556313993173,0.07124573378839591,0.08628412969283276
31,0,6891.0,513.3797256769668,93.66906481208194,0.9622356751939263,0.9158692185007975,0.8624530663329162,0.32855999768612154,3.67352968979492,186.74676432460964,50.83578467962104,50.63662748512552,26.256777953702734,0.0,237.0,53.0,0.13648855456791528,1.638396018280444,9.0,81.0,6.58263906059763,7.530240157518792,1.4961506279820422,0.5717362109252663,0.04042161648465045,0.19910872289865222,0.7151153762900655,0.01915542011319112,0.05253228849223625,0.056740676244376724,0.15382382818168625,0.29444202583079376,0.18734581337977071,0.07313887679582064,0.048033667102017126,0.05630532578725874,0.058482078072848644
32,1,15872.0,1062.494516090228,142.1578631452953,0.6261091635515375,0.7029229406554472,0.6521221085500637,0.17668029855958278,1.2824863184103201,187.31724567892394,146.05789004525928,34.93290070564516,13.05773744801564,3.0,113.0,33.0,1.1646110864280677,3.380376283597867,20.0,51.0,5.678291200854542,2.4355855024629642,0.6825143469642825,0.778055451683094,0.13434030796908558,0.3659978280575854,0.7693191500023695,0.02079133064516129,0.06237399193548387,0.05134828629032258,0.13665574596774194,0.2235383064516129,0.1807585685483871,0.10124747983870967,0.07384072580645161,0.06936743951612903,0.080078125
33,1,29391.0,1142.216341497176,193.44710765299948,0.8011659233192288,0.8095133169912138,0.5570169620013267,0.28309192936331723,1.6710049277510057,272.3591473245185,162.99122929043952,39.0887686706815,29.886446203102736,0.0,255.0,38.0,0.4220132109563834,-0.29373233505813534,0.0,80.0,6.586266769797984,3.460879200272322,0.7397401466002447,0.7780684451758211,0.2870113532244034,0.5355793004707976,0.8614779087374121,0.017148106563233644,0.039706032458916,0.04746350923752169,0.13902214963764417,0.2673607566942261,0.16372358885373073,0.06951107481882209,0.03892347997686366,0.16562893402742337,0.051512367731618526
34,1,29559.0,958.677236253775,193.9991951087083,0.7423359973695345,0.8840471348247398,0.7036516853932584,0.404161342200134,1.492475363177734,249.91506943570187,167.45004681590868,57.59944517744173,20.099961154389344,14.0,161.0,58.0,0.03851317126085003,-0.7047613154933594,30.0,83.0,6.343916141118704,2.5662776896493718,0.6782371371455813,0.7603377157627922,0.0981680667462368,0.31315766467007206,0.9084149351860908,0.030718224567813524,0.062417537805744445,0.061571771710815654,0.14888866335126358,0.19706350011840726,0.17314523495382117,0.09892080246287087,0.06735681180012856,0.06881152948340608,0.09110592374572889
35,1,10498.0,725.4284989122459,115.61344532808344,0.3127843512485389,0.7070788711524214,0.533760423022168,0.2506843407912647,1.0528264430082357,139.87879149229934,132.86025671299097,34.19937130882073,12.076160629074588,0.0,160.0,32.0,0.49112890372073853,0.5794279304742775,19.0,51.0,5.6013079191088595,1.6593105697602681,0.47658207203620584,0.8424569480265005,0.21866863549818488,0.4673928125238943,0.8318850147205241,0.02409982853876929,0.06077348066298342,0.05067631929891408,0.12611926081158314,0.20232425223852163,0.18632120403886454,0.1083063440655363,0.08058677843398743,0.07649076014478948,0.08430177176605068
36,0,3980.0,410.19090885901,71.18632865969383,0.8579144492867472,0.7318867230599485,0.4457885304659498,0.297249323245965,1.9463107724444526,113.02016909381494,58.06892233960572,72.8786432160804,19.857408682055485,11.0,207.0,74.0,0.5340055718857638,2.5037311774248083,46.0,95.0,6.2964792667993414,8.076261188909735,1.0724959639826812,0.7699004905832727,0.27785648633776694,0.5269090002494631,0.8114942332320664,0.031909547738693464,0.05050251256281407,0.04396984924623116,0.11130653266331658,0.2989949748743719,0.18190954773869347,0.07487437185929648,0.06582914572864322,0.058040201005025126,0.08266331658291458
37,0,13132.0,907.9737008100567,129.30654160351733,0.901394105528432,0.6808378266279552,0.5294307369779068,0.2001677922247067,2.3094708760672042,235.72952845578752,102.0707950460112,51.22943953700884,21.882236975592086,0.0,255.0,51.0,1.157335768078663,7.162336554037003,23.0,77.0,6.414065326975077,6.27253435420584,1.1636510559468027,0.6895338653612566,0.20568971626558266,0.45337073624763957,0.7561458067178123,0.04462381967712458,0.06716417910447761,0.07805360950350289,0.1522235759975632,0.1779622296679866,0.14026804751751445,0.09511117879987815,0.075616813889735,0.06373743527261651,0.10523911056960097
38,1,30875.0,1302.7199128346442,198.27070117316413,0.8848131860739636,0.7856234096692112,0.6884979038444385,0.22862026667976237,2.1461716877737302,309.91412383551045,144.4032299936782,75.23831578947369,20.12623680705455,17.0,252.0,72.0,1.842391514629727,8.57446098410041,54.0,98.0,6.211949465678446,5.881121006533514,0.899916167130378,0.75998208427003,0.106651402721417,0.32603386578422916,0.862712124760517,0.015449392712550608,0.04463157894736842,0.04365991902834008,0.1400485829959514,0.28207287449392715,0.2045344129554656,0.09363562753036438,0.05852631578947368,0.05655060728744939,0.06089068825910931
39,0,4055.0,439.2447327281723,71.85392371959297,0.8767002401049062,0.7583691789788667,0.5851370851370852,0.2641116740674967,2.0788417474807765,114.11597622518528,54.894017961432404,23.635758323057953,11.398390600082474,0.0,134.0,23.0,0.9710372861450701,6.24006834879431,9.0,38.0,5.494136933429242,1.8468232652604155,0.615926353264862,0.7846546547102158,0.17456322967088372,0.41678995303316513,0.6675301176715258,0.0281134401972873,0.06091245376078915,0.04858199753390875,0.1247842170160296,0.20739827373612824,0.181750924784217,0.10456226880394574,0.07694204685573366,0.07620221948212084,0.09075215782983971
40,1,15949.0,1062.4345955666558,142.50227190813874,0.8426390209551144,0.7501881467544684,0.697224043715847,0.17755745606782683,1.8570831248071757,220.73122279578942,118.859096745445,40.63690513511819,14.422944840315804,5.0,142.0,39.0,0.6704573642667733,1.234990463638269,24.0,59.0,5.851883874024175,2.439217465497384,0.6623855575375149,0.7842561817069907,0.11099737855982209,0.33255124689482457,0.8218224063332457,0.016991660919179887,0.05116308232491065,0.04664869270800677,0.13743808389240705,0.2454072355633582,0.20835162079127217,0.09793717474449809,0.06376575333876731,0.06295065521349301,0.06934604050410684
41,1,26548.0,1507.2367235014588,183.8531028664708,0.9381293748023789,0.646408570732895,0.5155351871990057,0.146851618995095,2.8877950376887065,386.91653911667896,133.98337972986957,40.88051830646376,19.300691358324453,0.0,255.0,41.0,1.9021287978456722,15.40850192957734,17.0,63.0,6.160869340547072,3.574091588365279,0.7441483320045623,0.7742063403680267,0.2262637136878911,0.4755392448711476,0.7898353376725687,0.027572698508362213,0.056087087539551,0.05921350007533524,0.1458113605544674,0.2440861835166491,0.16581286725930391,0.09089196926322134,0.06757571191803526,0.06260358595751092,0.08034503540756366
42,1,24045.0,1838.8347032479053,174.97155441144423,0.4403113207757027,0.5525426844681389,0.5269790479530113,0.08936125568267314,1.1137777856168485,250.18428377001115,224.62674960916954,72.02624246205032,23.970700595631158,26.0,228.0,73.0,0.21538389122235072,0.16054219346699528,38.0,101.0,6.526857146825459,6.74787123002185,0.9562275135758445,0.7706281549459812,0.2118497066619278,0.4601358765244772,0.8542304056923551,0.014181742566022042,0.043543356207111666,0.04474942815554169,0.14797255146600125,0.3047619047619048,0.19305468912455812,0.08558951965065502,0.05651902682470368,0.05722603451861094,0.05240174672489083
43,0,9501.0,1088.2518754031087,109.98658515713987,0.9898260551928206,0.600151601288611,0.40108915906788245,0.10081388091596516,7.028258956246421,352.8014243908545,50.1975562635323,47.36817177139248,18.406467219025817,5.0,223.0,47.0,0.25451692674239246,0.845488469309708,23.0,72.0,6.187124642066281,4.035858418051803,0.76431020706002,0.8032988106420141,0.3278678445715376,0.5722772293316114,0.7858162886164377,0.013261761919797915,0.04178507525523629,0.04210083149142196,0.137143458583307,0.3223871171455636,0.20261025155246817,0.08714872118724344,0.05083675402589201,0.047889695821492474,0.0548363330175771
44,0,12016.0,1044.802127934803,123.69012236042826,0.8891271985576888,0.7352383283362908,0.6288794682577066,0.13832532101796366,2.1850274087089296,209.25055749912082,95.76564425009249,66.5987017310253,20.287208216573816,0.0,174.0,63.0,0.7805887370646903,2.154987280633671,47.0,92.0,6.25927902290271,8.096525006814236,1.2895667366985832,0.6988210167366053,0.1352182632557289,0.36718170480247125,0.7821350897147279,0.024051264980026632,0.08963049267643143,0.044940079893475364,0.1084387483355526,0.2796271637816245,0.14056258322237017,0.07057256990679095,0.09495672436750999,0.06782623169107856,0.07939414114513982
45,1,29111.0,1126.8265145524424,192.52344373292652,0.9521724440971865,0.8067117441667129,0.615571673257068,0.2881063784123324,3.2726669971693436,364.1892400582647,111.28209511486078,33.88293085088111,17.601211688177244,1.0,218.0,30.0,2.335578598424533,15.234311678922797,16.0,56.0,5.773469759630484,2.6386646439713513,0.5836098753007875,0.8135719049246164,0.16809657252237573,0.40967827051543226,0.7939836291622837,0.01198859537631823,0.04132458520834049,0.03730548589880114,0.13166844148260107,0.25378722819552746,0.18783277798770223,0.08340489849197898,0.05836281817869534,0.13967228882552987,0.05465288035450517
46,1,53861.0,2275.1961389616426,261.873929819256,0.6724582226824405,0.6074115006822821,0.5809370753068577,0.13075147364710102,1.351104717375495,386.5132826495615,286.0720399232703,55.84242773063998,17.004225322125915,13.0,200.0,55.0,0.48001247332498687,1.8055475940821006,34.0,77.0,6.132434471300861,2.384284795861345,0.5537496909675135,0.8186079594465382,0.18341605922625848,0.4281477107057779,0.9088889980837902,0.012402294795863427,0.07207441376877519,0.04095727892166874,0.10837154898720781,0.2802027441005551,0.1883552106347821,0.08594344702103562,0.0802250236720447,0.06481498672508866,0.0666530513729786
47,0,18303.0,1106.17575695736,152.65681572497078,0.4642962038933898,0.6383357165277439,0.49918180330551465,0.18796797871546053,1.1290759839139892,186.31342620841252,165.01407244758605,29.747145276730592,23.53323466550692,0.0,255.0,27.0,1.0860794754824052,4.278626857338991,1.0,60.0,6.253564539001564,4.056819409471102,0.9253332638798166,0.7325950584771374,0.31321145062211203,0.5593509354344827,0.7106000337513029,0.0379719171720483,0.0647434846746435,0.07370376441020597,0.15817079167349615,0.18357646287493853,0.1403048680544173,0.07905807791072501,0.05458121619406655,0.11719390263891165,0.09069551439654701
48,0,10214.0,861.0975464705581,114.03889121665885,0.8952069362958043,0.6885069093360296,0.6438071225969114,0.1731015728239094,2.243909889736319,203.38907458445536,90.64048227371354,69.45956530252595,20.884314022774944,9.0,217.0,70.0,0.5276765756023721,1.2969591967635852,43.0,94.0,6.395948344750774,7.6075417021919876,1.1779505189307242,0.7086140172524639,0.12074830789750719,0.34704142125494447,0.8095521497071291,0.024965733307225377,0.08821225768552966,0.05169375367143137,0.1164088505972195,0.2527902878402193,0.15136087722733502,0.07891129821813198,0.09271588016448012,0.0637360485607989,0.07920501272762874
49,0,3530.0,417.78888860545663,67.04129766729702,0.8626752438761173,0.7086930335274041,0.5271804062126643,0.25413869679418977,1.9772291770056836,109.47007667014496,55.36539615297731,68.35920679886685,23.740514884115296,6.0,134.0,69.0,-0.07401547573247098,-0.7820182059473328,37.0,99.0,6.600083736509003,11.412502193852612,1.6208635799290088,0.6471209177808586,0.18525032132287772,0.4298946454942426,0.7291821173799568,0.037393767705382434,0.056657223796033995,0.07790368271954674,0.15155807365439095,0.19320113314447593,0.15977337110481588,0.1084985835694051,0.07252124645892351,0.054390934844192634,0.08810198300283287
50,0,3094.0,277.9655121145938,62.76466483150048,0.9245086462097736,0.8642458100558659,0.6269503546099291,0.5032089338880196,2.6235627730970075,107.373686984604,40.92666967440379,55.228829993535875,21.00954002195794,25.0,118.0,50.0,0.5850775462575581,-0.7051812120828513,30.0,88.0,6.256183310890018,8.8103777925324,1.2658674042290126,0.7125014605830988,0.11809421578658924,0.3424239827258787,0.6840692372357102,0.008726567550096962,0.030381383322559793,0.03135100193923723,0.1396250808015514,0.3387201034259858,0.21202327084680025,0.08047834518422754,0.051712992889463474,0.05914673561732385,0.04783451842275371
51,1,15081.0,1052.2518754031087,138.57029109499263,0.6650662458882411,0.8187296416938111,0.7267951807228916,0.1711593336595427,1.3390746327531275,175.1967609961669,130.83420200109657,25.91764471851999,22.138788752442256,0.0,249.0,25.0,6.743161034598148,61.21732226584665,8.0,39.0,5.635684035122916,6.482357753605108,0.7880873870500507,0.7657939054355012,0.11656806674870956,0.34030370812005906,0.4781009651520257,0.016842384457264107,0.05589814999005371,0.040713480538425835,0.13513692725946555,0.24753000464160202,0.20635236390159803,0.10191631854651548,0.06166699820966779,0.06405410781778396,0.0698892646376235
52,0,11892.0,766.6000717874998,123.0502526043346,0.9089728047468243,0.8768618197905914,0.7335307179866766,0.25428869520756625,2.398913279671998,204.65310116856347,85.31075420806607,72.16590985536494,21.69579853461119,0.0,255.0,70.0,1.754305118941193,10.354484832635006,49.0,98.0,6.337281940679857,9.522009674039731,1.3317292189379075,0.659964479104027,0.07556241259446407,0.27440923617822033,0.75895253956868,0.039354187689202826,0.06399260006727212,0.06710393541876893,0.14522367978472922,0.20871173898419104,0.15750084090144634,0.08282879246552304,0.07256979482004709,0.06643121426168853,0.09628321560713085
53,0,9498.0,712.8010819142764,109.96921931110803,0.9686889080916131,0.759779217662587,0.5868759268413247,0.23491206839394632,4.0277485159036335,237.9772149552419,59.08442744515573,46.78016424510423,27.389847120870762,8.0,128.0,43.0,0.33305532501000196,-1.245897994567159,16.0,86.0,6.414944443886114,6.401383554625936,1.0360407534562612,0.7430605019494674,0.15837334709849138,0.3974331901889143,0.7710646737383073,0.02021478205938092,0.04569383028005896,0.04127184670456938,0.12929037692145715,0.24647294167193093,0.1612971151821436,0.08517582648978732,0.0642240471678248,0.13802905874921037,0.06833017477363655
54,1,12379.0,930.4823227814082,125.54454318797205,0.4552188996240463,0.6855892778023925,0.49814889336016094,0.1796714915962463,1.1231165332376098,164.59783958506503,146.55455129894543,54.853542289361016,14.221936160217265,26.0,137.0,54.0,0.3248622110769729,0.1614070206457825,36.0,73.0,5.859376897200171,3.168004712430255,0.6355088509636001,0.819571011055497,0.24372417600401255,0.49353968139239834,0.867025877366477,0.02229582357217869,0.05565877696098231,0.05178124242669036,0.143468777768802,0.22473543905000404,0.17788189676064303,0.09685758138783424,0.06947249373939737,0.07924711204459164,0.07860085628887632
55,1,38140.0,1708.4661248592317,220.36641358473642,0.6375630823369282,0.6471865879318537,0.6460027100271003,0.16420176026669747,1.2980301088590298,309.94230104944756,238.77897664630234,47.55322496067121,15.324662453760775,0.0,255.0,47.0,1.6505331819100113,16.951477235784846,32.0,64.0,5.83358549088685,2.6821490933749477,0.6659512213177365,0.7796152502449173,0.14566757065536773,0.3815083830276206,0.8564662135569048,0.02912952281069743,0.07713686418458311,0.057472469847928684,0.13075511274252752,0.20097011012060828,0.15815416885159936,0.09853172522286313,0.07947037231253277,0.07582590456213949,0.0925537493445202
56,1,68117.0,2385.420489685532,294.49831590133937,0.5757568333559044,0.6521930622444778,0.6237820512820513,0.1504303569194603,1.223060590462181,393.9933933800406,322.1372648685826,61.408532378114124,17.76759109581102,17.0,139.0,61.0,0.238602735912857,-0.39698437393776853,38.0,85.0,6.196283030322705,2.5827673967970552,0.610476996757736,0.7951190182233214,0.1501697542556112,0.38736947730104515,0.9162537415062884,0.014739345537824626,0.061908187383472556,0.04577418265631193,0.12869034161809828,0.2844664327554061,0.18380140053143856,0.09024178986156173,0.07054039373431008,0.05509637829029464,0.06474154763128147
57,0,5375.0,685.7300141024109,82.72643200907132,0.938624223367903,0.6875159887439243,0.5516215106732348,0.14364218908580131,2.899043167732149,165.41471489688408,57.05838282714638,115.28744186046512,20.27434581206222,46.0,182.0,116.0,-0.06524495373137201,-0.5420204137060063,89.0,141.0,6.392212082050262,21.03983223240497,1.8324952118763616,0.6870798128384794,0.16945316182212306,0.41090984995607205,0.7967760961613359,0.02344186046511628,0.06548837209302326,0.05525581395348837,0.1285581395348837,0.26139534883720933,0.1707906976744186,0.088,0.08186046511627906,0.0506046511627907,0.07460465116279069
58,1,27425.0,1619.5504320004434,186.86517737224835,0.8469338051916193,0.6505752579765153,0.4951791131012567,0.13139158381569413,1.8807656826533716,314.40548764017944,167.16887730353432,51.25666362807657,14.626126826729484,13.0,116.0,50.0,0.38882941816404615,-0.051967247041372566,33.0,71.0,5.91627208378197,2.595533765291649,0.5886269324611646,0.8203241558784214,0.24955890670343225,0.49941537223422994,0.8772287308990637,0.010136736554238834,0.041896080218778484,0.03558796718322698,0.13673655423883319,0.32266180492251595,0.20988149498632636,0.08634457611668186,0.05414767547857794,0.049042844120328166,0.05356426618049225
59,0,13648.0,900.6000717874997,131.8225068284832,0.8521539516114923,0.7911884057971015,0.7142931909771288,0.21145352206908555,1.910982007734398,204.78563314027446,107.16251242106777,105.60829425556858,17.84573882686948,55.0,209.0,103.0,1.1651588663418284,3.3651073857648592,87.0,126.0,6.115633319560805,11.049928749729858,1.4100575407608589,0.6655261458372649,0.08789088104855863,0.2960288513664963,0.8485283951882578,0.03648886283704572,0.07671453692848769,0.05956916764361079,0.13650351699882768,0.21951934349355218,0.14610199296600235,0.09210140679953106,0.07480949589683471,0.06359906213364595,0.0945926143024619
60,1,40584.0,1466.5554826343266,227.31729736984786,0.6587122430443652,0.8381487371181925,0.6312842210054753,0.23711974413588197,1.3290891735336121,281.38049666625085,211.7092684745542,48.9237137788291,26.154988575917,1.0,212.0,50.0,0.5209812417832904,0.5108843374445029,16.0,82.0,6.48566856780792,4.187347289721041,0.9334959806353887,0.7151584990511597,0.13960144369913027,0.3735401405877041,0.8522448032046117,0.03316577961758328,0.058249556475458306,0.06527202838557067,0.14380051251724818,0.1878080031539523,0.14471220185294698,0.08456534594914251,0.06965799329785137,0.13007589197713385,0.08269268677311256
61,0,8561.0,889.3462838120872,104.4040408340488,0.8395653362268322,0.7719567177637511,0.6739883482916076,0.13601680579938627,1.8407435487810255,161.9637239257761,87.98820674016838,86.85959584160729,20.21975182834154,0.0,254.0,88.0,0.8401713292033991,7.931233997648295,62.0,108.0,6.2799095899303445,13.378242449781297,1.6312322414912124,0.6465310754394377,0.09860927616299872,0.3133496332761123,0.7626725207253584,0.03667795818245532,0.065062492699451,0.06272631701903983,0.14262352528910174,0.23572012615348675,0.14659502394580073,0.08386870692676089,0.07078612311645836,0.06623058053965658,0.08970914612778881
62,1,32435.0,1401.644840409422,203.21792399659287,0.6110594857780439,0.6887289251284665,0.5419110153208695,0.20746641427516746,1.2632887243528317,264.2496682511056,209.17598895413056,32.74515184214583,17.252725179898466,0.0,220.0,29.0,1.48513012359773,5.8226950843763206,15.0,56.0,5.948692713906283,2.7150475013830913,0.7701540267740781,0.7449217642182773,0.20805497409407375,0.4560344607722525,0.768433726203855,0.0322799445043934,0.05706798211808232,0.06338831509172191,0.16149221519963003,0.21254817326961614,0.14398026822876522,0.08278094650840141,0.06973947895791584,0.08974872822568214,0.08697394789579159
63,1,78006.0,3167.082574037657,315.15127149769063,0.8401862400161563,0.7351982055003675,0.5790833370451205,0.0977280198596347,1.8440047092647671,495.0152320519498,268.4457526409029,65.65282157782735,20.507440295622867,21.0,202.0,65.0,0.6704876339960494,1.2227017488213292,40.0,91.0,6.361865278174381,3.6036687142677324,0.6631628219034467,0.8033381708894656,0.1794878712170215,0.42352107344447576,0.9028534594499233,0.010204343255647001,0.05935440863523319,0.03806117478142707,0.1154782965412917,0.3167448657795554,0.1912160603030536,0.08250647386098506,0.07098171935492141,0.05913647668128093,0.05631618080660462
64,0,10813.0,1074.4062043356594,117.33515754973577,0.8719613042231008,0.6831132731063239,0.6057703081232493,0.11771154279878206,2.0425887970312164,205.766565302063,100.73812487424422,87.65994636086192,21.11864775870565,23.0,227.0,90.0,0.015129804362947547,0.01402362988568262,58.0,113.0,6.4188321519956055,11.910731922655316,1.4500507826394649,0.6923029548751236,0.13905654521327743,0.37238076775116286,0.8052156620982224,0.03246092666235088,0.06371959678165172,0.0636271155091094,0.1406640155368538,0.23185055026357163,0.15092943678905021,0.09220382872468325,0.07037824840469804,0.06436696568944789,0.08979931563858319
65,0,25881.0,1603.317892581091,181.52882045915118,0.9144712898945196,0.7590626466447677,0.673984375,0.12651780202529428,2.4712666587605634,324.79549759894144,131.4287539337576,33.51211313318651,19.64344319156154,0.0,247.0,30.0,0.7234809314360923,0.9842985362723295,10.0,62.0,6.214835801867083,2.98628859697374,0.67814390715943,0.7920652760235181,0.12815908374524485,0.35733385189604333,0.7921262606832569,0.014334840230284765,0.05107994281519261,0.03836791468644952,0.12847262470538232,0.25976585139677755,0.20505390054480122,0.0984506008268614,0.06792627796452996,0.07012866581662223,0.06641938101309841
66,0,13443.0,821.4812767608818,130.82873996135098,0.858419149299467,0.8066122644905797,0.6281188673955705,0.25032874599893545,1.9495119665991907,208.0064056152316,106.69665494697455,95.4930447072826,21.31870308132536,31.0,204.0,96.0,0.2553367858109052,0.4868602451085331,68.0,121.0,6.465946594961064,7.920710643300775,1.2248515592196596,0.6778596102617505,0.1371248289213104,0.3702040201659794,0.8881809664177972,0.0403927694711002,0.07810756527560812,0.064122591683404,0.13486572937588337,0.21892434724391877,0.14810682139403408,0.0891170125715986,0.07200773636837016,0.059510525924272854,0.09484490069180987
67,0,12709.0,813.6711395993651,127.20692345167059,0.8890612610007645,0.6472625413801885,0.4838943039902528,0.24122561343563748,2.1844160881203134,227.52831268616305,104.1597861888807,33.60390274608545,23.783497146536313,0.0,249.0,23.0,2.0414684380451646,8.35583030451475,15.0,67.0,6.038595614486731,4.416450320001285,0.7730964100918383,0.7906879962390453,0.26842968995465744,0.5180392049475062,0.7174226511219979,0.038083248091903374,0.05618065937524589,0.060823038791407665,0.12479345345817924,0.155952474624282,0.12951451727122512,0.08198914155322999,0.07899913447163427,0.17208277598552207,0.10158155637737036
68,1,17409.0,1026.7016228714147,148.88192379968243,0.8725552238018262,0.8634560063485766,0.730672374716696,0.20753683642765677,2.047018008273518,225.82059984009575,110.31686039272114,37.539950600264234,20.78561351610903,0.0,253.0,34.0,1.661470631175418,8.414350425416988,16.0,64.0,6.18760517352273,5.581946802312578,1.2298866668228228,0.6300433527581693,0.07823802921382503,0.2793548367423874,0.6732033458270337,0.040381411913378136,0.06559825377678212,0.0731230972485496,0.15319662243667068,0.1768625423631455,0.14343155838933885,0.08415187546671261,0.07364007122752599,0.08690907002125338,0.10270549715664312
69,1,27632.0,1555.8803384216046,187.5690675461229,0.8640443617348751,0.6971967804607272,0.5849032640447059,0.143439842235422,1.9864300048647132,334.0628054660369,168.17245241358927,44.092646207295886,23.71623924288192,0.0,255.0,44.0,0.3053477954542084,1.343310350228042,12.0,75.0,6.533304863276011,4.065984426286601,0.86804025595376,0.7391512391998917,0.19137005109522837,0.4372373284863408,0.8222380028061389,0.016068326577880716,0.042704111175448756,0.05153445280833816,0.15655761436016213,0.31380283729009845,0.18652287203242618,0.07762738853503184,0.04288506079907354,0.05815720903300521,0.054140127388535034
70,1,6223.0,525.3452377915606,89.01331185214332,0.8657718173858658,0.7736200895077076,0.5214513155689626,0.2833479438435079,1.9982456700762017,134.78133140901673,67.44983033236196,20.457496384380523,9.956957889434236,0.0,64.0,20.0,0.2684769622692099,-0.457763916677254,8.0,34.0,5.359543859240153,0.953815044858451,0.41851894701536574,0.8386436981435341,0.25123333660633856,0.5007538155700213,0.7584694228572741,0.0167121966896995,0.052868391451068614,0.04194118592318817,0.13771492849108147,0.23429214205367185,0.20777759922866784,0.10220151052547002,0.07038405913546521,0.0650811505704644,0.07102683593122289
71,0,2283.0,321.27922061357856,53.91480205500505,0.9012109614595891,0.7731120894006096,0.5224256292906179,0.27793964619932454,2.3074402598888892,91.18889656618627,39.51950486058404,46.30968024529128,15.439652009305565,11.0,95.0,45.0,0.18328474585851667,-0.7805598422763915,27.0,68.0,5.9686100997993625,5.553535793153638,1.0956009466643175,0.7188058007281735,0.18731693554025527,0.43193284297821255,0.6941082859112885,0.017958826106000875,0.0337275514673675,0.04862023653088042,0.1375383267630311,0.3004818221638195,0.20017520805957073,0.09855453350854139,0.05387647831800263,0.04862023653088042,0.06044678055190539
72,1,31677.0,1348.940258945177,200.8293032865865,0.6197776107016153,0.7276047409040793,0.5174543019096003,0.21876028271853762,1.274246533724196,243.11297288296686,190.78958933671103,39.350254127600465,19.20921817511279,3.0,146.0,37.0,0.573084461896654,-0.08716524582908214,16.0,66.0,6.210412796085629,3.0921064748484186,0.8597770485074624,0.7259234810859516,0.22319475367544234,0.4723503658346032,0.8080210943005546,0.031221390914543675,0.05805474003220002,0.06799886352874325,0.16519872462670077,0.22896738958866053,0.15424440445749282,0.08769769864570509,0.06338984120971052,0.06042238848375793,0.0828045585124854
73,0,11359.0,977.7604973744602,120.26108260217315,0.7664162860500842,0.6783922599139991,0.5211028534727957,0.14930865695900342,1.5567977319547393,190.03737961536086,122.06940934886062,31.046218857293777,12.65317709779586,0.0,105.0,31.0,0.4667332529442262,0.5415070427264901,15.0,47.0,5.672523442704177,1.6702915416679627,0.5126395689233272,0.829087790894332,0.22663925531410611,0.4758013800735947,0.8059009681139391,0.01611057311383044,0.05000440179593274,0.042609384628928604,0.11691169997358923,0.264812043313672,0.20996566599172461,0.09525486398450568,0.06717140593362092,0.0678756932828594,0.06928426798133638
74,1,21156.0,1538.57272657703,164.12390383005487,0.8900265127569601,0.6631974921630094,0.661125,0.11230713879162832,2.1934212845600642,290.2025940204989,132.30590769921565,88.96814142560031,27.437278312969273,5.0,220.0,89.0,0.18181564696296684,0.7118759268582693,54.0,122.0,6.834137125647912,13.443121315646508,1.8908128368844546,0.5690483416597821,0.10321700071877088,0.32098637990334833,0.7981488594599406,0.03790886746076763,0.07024012100586122,0.07714123652864435,0.14865759122707506,0.20391378332387974,0.16000189071658158,0.08985630553979958,0.07057099640763849,0.05289279636982416,0.08881641141992816
75,0,1919.0,242.86500705120545,49.430220375260085,0.9364008441082837,0.8814882866329812,0.6092063492063492,0.40884147821182504,2.8495526952671115,85.16050882783452,29.885570801789203,66.05106826472121,27.112920753053587,0.0,230.0,65.0,1.1881683146149198,4.473470950669433,34.0,97.0,6.709972450265992,19.11838526551251,2.4726277090146414,0.5213669337697916,0.10816665129619375,0.32726437456850377,0.551269844308278,0.04898384575299635,0.061490359562272015,0.08337675872850443,0.1532047941636269,0.1709223553934341,0.1255862428348098,0.09275664408546118,0.08337675872850443,0.07191245440333507,0.10838978634705576
76,1,29034.0,1086.1391770309006,192.2686582411203,0.8238952337974297,0.7795408779701973,0.6684932768465648,0.3092756857771922,1.764470901755722,275.75176570563923,156.28014348735064,54.47241165530068,16.451929724377266,4.0,166.0,55.0,0.47065464435949633,1.5382186016641963,33.0,75.0,6.063731316730042,3.072003956221671,0.712875906925453,0.7687828155028174,0.12011430752940777,0.34626288645508335,0.8702499713466082,0.017565612729902872,0.04625611352207756,0.04363849280154302,0.1328098091892264,0.29882207067575944,0.1967004201970104,0.08648481091134531,0.05803540676448302,0.055865536956671485,0.06382172625198043
77,1,28366.0,1214.0641046056783,190.0439762948503,0.8401644698429915,0.756487185641518,0.5385813017391965,0.2418381015582609,1.8438900319843672,277.99159148796576,150.76365003654547,61.371289572022846,27.175377614591568,3.0,197.0,63.0,0.031663875838793265,-0.5933107617900157,22.0,96.0,6.7493080906874106,5.5613127056818765,1.1038202337723033,0.6926079965499014,0.2009521143240719,0.4481985709342686,0.8553951128379587,0.041986885708242265,0.07159980258055418,0.07329196925897201,0.14464499753225693,0.18204893181978424,0.1415426919551576,0.09017838257068321,0.07999012902770923,0.07910879221603329,0.09560741733060707
78,1,17197.0,951.9503602129437,147.97263412810693,0.831431886090259,0.7102676358830332,0.5610400626386532,0.23847010900123736,1.7997695534636047,214.42083289581979,119.1379376782839,31.79647612955748,21.62077494709363,0.0,208.0,19.0,1.5524957859881576,4.091523802007309,15.0,65.0,5.751275071098939,3.6867050979804437,0.7826812071799103,0.7807433570662901,0.22159406569211165,0.4706289617829137,0.7423207803048453,0.029016688957376288,0.05727743211025179,0.04681049020177938,0.10612316101645636,0.12920858289236495,0.10804210036634297,0.07059370820491946,0.0729196952956911,0.30732104436820373,0.07268709658661394
79,0,5531.0,593.2447327281724,83.9183407958605,0.7669671212868255,0.7494579945799458,0.5794656888423259,0.19749028687184447,1.558393634821294,120.08209928800618,77.05504989551397,47.08551798951365,14.38203688606164,10.0,89.0,48.0,-0.21460692469781406,-0.9080539133922612,26.0,65.0,5.8459519568659175,3.186230292313366,0.7325308035406437,0.7841161136665009,0.17078852318469945,0.412899835576983,0.8264095355380447,0.018441511480744893,0.046646176098354725,0.04592297956969806,0.14735129271379496,0.25366118242632435,0.20701500632796963,0.10124751401193274,0.054239739649249684,0.056770927499548,0.06870367022238293
80,1,40975.0,2398.3332239514903,228.40969844891282,0.7019735771932354,0.6901285095919021,0.6719746789773193,0.08951787799544182,1.4040940799943604,311.8326869305342,222.0881715645341,78.16075655887737,13.397982870723105,26.0,232.0,77.0,1.2644604680102605,6.862392816580279,63.0,94.0,5.736824943184434,5.528390493722363,0.8717103177659372,0.7654858105123673,0.12305903253850384,0.35039114665356097,0.8691899568550691,0.024161073825503355,0.0636241610738255,0.05735204392922514,0.14501525320317266,0.2174496644295302,0.1721293471629042,0.09757169005491154,0.07187309334960341,0.06721171446003661,0.08361195851128737
81,1,50344.0,1877.8225099390856,253.1797220160948,0.7956486413926707,0.7725263933218758,0.6632501152756736,0.1794107663375263,1.650823165835152,361.31323506648016,218.8685272560321,44.981705863658036,16.633267382129922,0.0,211.0,43.0,0.5168913461121979,1.3128339063141503,26.0,66.0,6.073016499475166,2.4853444371907942,0.6731506188754158,0.7725458528303379,0.1294269113094128,0.35947832189938744,0.8598247987817498,0.019227713332273955,0.057166693151120294,0.05079056094072779,0.14106944223740664,0.2603289369140315,0.18264341331638329,0.09504608294930876,0.06525107262037184,0.059212617193707295,0.06926346734466868
82,0,13646.0,542.2325394193526,131.81284773289755,0.9342569797241637,0.9539988814317674,0.7487517146776406,0.5832356723656286,2.8042587759718827,226.71144102705637,80.8454066256721,31.54264986076506,16.3203149625369,11.0,84.0,26.0,0.9095771393480806,-0.18324470505036183,16.0,57.0,5.696097145953178,2.517654466823369,0.6364980969585468,0.7924285274889113,0.11793790157681891,0.34278818161129165,0.761096666698186,0.015462406566026675,0.03730030778250037,0.03759343397332552,0.11791001025941668,0.21867213835556207,0.1873809174849773,0.08434706140993697,0.05884508280814891,0.18357027700425033,0.05891836435585519
83,0,4567.0,504.45793616376875,76.25539325716895,0.7609983849615557,0.7161674768700016,0.5048082237205703,0.2255230612854881,1.5414168541201683,107.76077918958364,69.91021208931367,42.21611561199912,13.145691954689344,0.0,202.0,43.0,0.6270751578784164,5.6820701022936255,25.0,57.0,5.650679892376593,3.0289955919825857,0.6679262348540808,0.8130902572448759,0.22817528643874702,0.4772944559481097,0.7917671974348279,0.0240858331508649,0.05342675717100941,0.04554412086708999,0.11648784760236479,0.2294723012918765,0.18896430917451282,0.10619662798335888,0.07138165097438143,0.07707466608276768,0.08736588570177359
84,0,27968.0,1021.5777772109133,188.70602424711575,0.8275813098868473,0.7524752475247525,0.5047100010827589,0.33676612599812694,1.7814329269911158,284.189565603048,159.5286363562681,23.4052131006865,15.534824133766675,0.0,192.0,16.0,2.966129662883456,13.807622548462817,16.0,46.0,4.962054494296186,2.007786827305229,0.40150763690826097,0.8872657559331333,0.32002668371874543,0.565642590886525,0.7195821631654058,0.016518878718535468,0.03032036613272311,0.018342391304347828,0.06182065217391304,0.13479691075514874,0.09696796338672768,0.046052631578947366,0.04980692219679634,0.5000357551487414,0.04533752860411899
85,0,15331.0,507.1614716074871,139.71412047583016,0.7327600973510672,0.9706236150680595,0.7935300207039337,0.749010388033383,1.4695356573354825,173.11845478246238,117.80486844147457,7.097188702628661,15.85380009811261,0.0,134.0,0.0,2.453098279245101,5.650548735696953,0.0,33.0,4.325682770845663,1.641058537821085,0.392036068590975,0.8891139385849052,0.6592722918503098,0.8119054133347876,0.6977448890205553,0.010045006848868306,0.018655012719326854,0.01748092100971887,0.047942078142326004,0.06914095623247016,0.05329071815276238,0.023938425412562782,0.01435000978409758,0.7224577653121127,0.022699106385754352
86,1,22354.0,1167.2579720575186,168.70683679984586,0.7973491884400778,0.7275508543531326,0.6388317329675355,0.2061728209412557,1.6569507364037614,241.94004000827272,146.0152282700802,89.04048492439831,21.47476923205425,0.0,255.0,86.0,1.704137729605229,7.2050914011559755,67.0,115.0,6.292341393472744,8.252277096827813,1.0615126124600902,0.7379367713713774,0.1328001637072215,0.36418546308861544,0.8667194879053015,0.026751364409054307,0.06325489845217858,0.05989979422027378,0.1440010736333542,0.23530464346425695,0.16686051713339894,0.09349557126241388,0.07354388476335331,0.05891563031224837,0.07797262234946765
87,0,5411.0,531.8954903232549,83.00300703325131,0.8444291368406485,0.5599130794701986,0.374515503875969,0.24034482836991408,1.8668304763715786,142.27581484648942,76.21249848192991,51.815191277028276,21.825330999447672,3.0,128.0,50.0,0.4024621511001446,-0.336464551575796,24.0,82.0,6.4726884824980875,5.0387629063790005,0.9321348694792866,0.7660755119464845,0.36441411220507597,0.6035833051211821,0.7792701908312755,0.04121234522269451,0.07484753280354833,0.07872851598595454,0.1415634817963408,0.17408981703936427,0.1417482905193125,0.09610053594529662,0.08556643873590833,0.06671594899279246,0.09942709295878766
88,0,12729.0,744.9137802864846,127.30697610474411,0.9574149127449836,0.8013724502644171,0.6363545468179773,0.2882651449451819,3.463616364884679,246.51707510584131,71.17331977210735,48.82991593997957,18.41096221219626,1.0,150.0,41.0,1.3602148140212142,1.6835238213554051,33.0,79.0,5.72308107220142,5.185513950466596,0.8213900520917177,0.7949281279485025,0.16352282562911252,0.4038033210642848,0.756951190187708,0.014062377248801949,0.04446539398224527,0.03818053264199859,0.13755990258464923,0.25272998664466967,0.20025139445360987,0.09136617173383613,0.06929059627621965,0.08790949799670045,0.06418414643726923
89,1,46474.0,1810.3250352560271,243.25405361889028,0.694468215475089,0.7806033324375168,0.6377921418474756,0.1781996320305156,1.389808899310063,315.8467628224846,227.25913107858145,27.16181090502216,21.51004412244147,0.0,248.0,27.0,4.109340524343228,36.107770030872146,2.0,46.0,5.917073144524851,4.614215972372049,0.5952113965675994,0.8251039772850068,0.20977225949739153,0.45778786333517074,0.649954431227918,0.015471016051986057,0.05405172784782889,0.039011059947497526,0.1324826784868959,0.21181736024443776,0.18974050006455223,0.09017945517924,0.05981839308000172,0.1395403881740328,0.06788742092352713
90,0,10400.0,903.3046532517445,115.07254783503184,0.5843007163030247,0.6730955925182837,0.5273298854071595,0.16016761489955061,1.2322293606745498,160.96703780250633,130.63074370699087,72.88096153846153,22.887308858136894,16.0,246.0,75.0,0.3631573084031951,1.5783093347176473,41.0,100.0,6.44872866276751,7.052323264103784,0.8976909011839005,0.7959470802406842,0.21106481279428235,0.4592577418538949,0.8472091318314989,0.01875,0.045,0.047596153846153844,0.14067307692307693,0.2760576923076923,0.19865384615384615,0.08528846153846154,0.05971153846153846,0.060480769230769234,0.06778846153846153
91,1,9449.0,718.6356056934325,109.68518796174145,0.4177267776000041,0.7102909118244005,0.5814769230769231,0.22992079416945513,1.1006273985707389,130.89749248935814,118.92988731639791,39.15165625992169,13.019322958647647,11.0,149.0,38.0,0.4896481955234192,0.6395087210884189,23.0,57.0,5.708891295264519,2.585345057020119,0.6160960915331228,0.8147034117270613,0.17518695236630827,0.41817976290193326,0.7976668673899603,0.019472960101598054,0.06191131336649381,0.0489998941686951,0.13451158852788656,0.20732352629907927,0.1920838183934808,0.10318552227748969,0.07566938300349244,0.07450523864959255,0.08233675521219176
92,1,25544.0,861.1980515339463,180.34309227335268,0.7981304858485079,0.8907176232652207,0.6678169934640523,0.4328054216507099,1.659793383470431,246.27671733839279,148.3779365498237,68.16191669276543,16.89463941384503,1.0,194.0,69.0,-0.06583351168725085,0.13684507202237217,44.0,89.0,6.130525908704351,3.1864700588580535,0.7510599294956775,0.7470748466627797,0.11910168066072188,0.34497508618235506,0.9087535780826835,0.03969621046038209,0.06874412777951769,0.06428124021296586,0.1403852176636392,0.18685405574694644,0.15600532414657062,0.09943626683369872,0.07293297839022862,0.06631694331349827,0.10534763545255246
93,1,82603.0,3943.340546095176,324.30449598141354,0.742112338676656,0.6221698326378742,0.5974468392882974,0.06675397256572659,1.4919237919766724,503.7245532917202,337.6342384246905,41.9967313535828,13.090564143639842,10.0,111.0,42.0,0.31443623843029317,0.11089943495203469,25.0,58.0,5.741517591517561,1.6573534584419825,0.48519426190235077,0.8321307941553362,0.17580791003845656,0.4190823590655507,0.884868085184166,0.013256177136423616,0.05831507330242243,0.040010653366100504,0.1262302821931407,0.2582835974480346,0.2021113034635546,0.09917315351742673,0.06896843940292725,0.06488868443034757,0.06876263573962205
94,0,7969.0,664.0792565073284,100.72956831037504,0.9377718496214973,0.7022382798731054,0.45848915482423336,0.22707737313566073,2.8797529541257845,192.05538353711918,66.69161785630394,49.35725938009788,24.621323021193422,0.0,255.0,47.0,0.6702742740285131,2.307030172481868,19.0,81.0,6.625129452499621,6.169526388336232,1.1530255558834865,0.7049053373160267,0.27519187257868716,0.5244311991322217,0.7550727853124855,0.03639101518383737,0.06060986321997741,0.0745388379972393,0.15384615384615385,0.2138285857698582,0.16902999121596185,0.08896975781151964,0.06600577236792571,0.05496298155351989,0.08181704103400678
95,0,4767.0,487.13813101037414,77.90720704628373,0.8397792589781248,0.7091639393037786,0.5167479674796748,0.2524356948154708,1.8418649044173976,121.74683901141512,66.09976590542888,88.05454164044473,14.533251582036852,44.0,135.0,89.0,-0.13300612124498215,-0.5327187992690048,68.0,107.0,5.921568526767205,10.567023690273816,1.1689862801127098,0.769320824535519,0.20686709817904314,0.454367909728357,0.8214837152661205,0.01825047199496539,0.0446821900566394,0.05118523180197189,0.1529263687853996,0.2605412208936438,0.1948814768198028,0.10027270820222361,0.05999580448919656,0.05286343612334802,0.0644010908328089
96,1,15593.0,1202.9858941188763,140.90288932827244,0.8454057671522598,0.7592637678336661,0.6541785534485652,0.1353999403455095,1.8722223223806704,217.86538113416202,116.36725966237275,54.97915731417944,19.61619848824092,5.0,224.0,54.0,1.1037758439102372,3.6421762965894207,32.0,79.0,6.230938387554199,6.255839214877376,1.1918632052813412,0.679746883255084,0.11416874944676218,0.33747151005140685,0.7642574097457335,0.03450266145065093,0.06817161546847944,0.05932149041236452,0.13865195921246715,0.20823446418264607,0.15102930802283077,0.08997627140383506,0.076765215160649,0.07772718527544412,0.09561982941063298
97,0,8071.0,844.8315651863257,101.37216760806439,0.9115856067725899,0.5996730812095995,0.4227425099518123,0.1421009389256501,2.4324372117117075,195.1092281717269,80.21141398113558,96.19873621608227,21.330723858748303,10.0,150.0,100.0,-1.2619483070577064,1.9254063857417947,69.0,118.0,6.2883482711045335,10.002979657492057,1.0604359059041106,0.7911706029009343,0.3072362016981818,0.5541345911325096,0.8606934022711258,0.01821335646140503,0.03840911906826911,0.05290546400693842,0.15487548011398836,0.28955519762111265,0.19923181761863462,0.08734977078428943,0.05464006938421509,0.04497583942510222,0.0598438855160451
98,0,30141.0,1650.2022356160526,195.89975272537365,0.8735222333303811,0.7420784400620429,0.59402837997635,0.13908912618580802,2.0542981744782236,307.12891322166286,149.50551825305072,34.665206861086226,23.134151492494862,0.0,254.0,34.0,1.1770601089335184,5.7927615592437505,4.0,61.0,6.366431430734137,4.6795227415857426,1.0606121866676812,0.6865424202255564,0.19573722905715255,0.4420300352760764,0.7281542517463029,0.03473673733452772,0.0566338210411068,0.06977207126505425,0.1584552602766995,0.2173783218871305,0.15483892372515842,0.0842374174712186,0.05855811021532132,0.08224677349789324,0.08314256328588965
99,1,42786.0,1888.6986642785844,233.4027145537058,0.8901529655036848,0.818808129521185,0.7152816089071669,0.15072531650232218,2.194610008911282,379.54658831637033,172.94489078934737,18.498854765577526,17.213706780193082,0.0,224.0,15.0,0.7508944261153714,0.6832037744854285,0.0,43.0,5.632809240100267,1.6902044149676736,0.6204865609471224,0.7725352168128864,0.25720100719404476,0.5066481121069386,0.7803408445350977,0.019842939279203477,0.04321507035011452,0.05085775721030244,0.14364511756181927,0.21130743701210677,0.14060674052260086,0.06541859486748001,0.0370214556163231,0.23287991399055766,0.05520497358949189
100,1,27055.0,1326.3300858899106,185.60036606324306,0.8425542128471177,0.7719413375941566,0.7063230994152047,0.19326542233694094,1.8566256253235454,274.3221019350241,147.7530516617852,71.11883200887083,19.583282914127313,4.0,255.0,70.0,1.0576697629125307,5.024666960883605,47.0,95.0,6.251588052455785,6.316050062563342,0.8928826083345885,0.7770461530132404,0.09534251523820712,0.30809500883297136,0.8327214586597325,0.012751801885048973,0.040399186841618924,0.03803363518758086,0.13945666235446313,0.27503234152652006,0.2176307521715025,0.09676584734799483,0.05973017926446128,0.06168915172796156,0.0585104416928479
101,0,5298.0,449.84776310850236,82.1317423899365,0.8205380810162473,0.716914749661705,0.5718294657312466,0.32899605280391825,1.7495000630824507,128.16415338485587,73.25758717552885,74.55454888637222,20.619989858421096,0.0,165.0,74.0,0.2844711837690356,-0.08793397433026628,50.0,103.0,6.396710375577592,8.372991698780009,1.1732845326559467,0.718231781508017,0.16896089509998552,0.4107581796585568,0.8192699677086333,0.032465081162702907,0.06360890902227255,0.06191015477538694,0.14949037372593432,0.2202718006795017,0.161759154397886,0.09550773876934693,0.06662891657229143,0.0604001510003775,0.08795771989429974
102,0,7055.0,379.6639969244288,94.77713325537216,0.9239791224104051,0.9500403985995152,0.7032496012759171,0.615046641237289,2.61476933476587,154.2968476355003,59.009735804981155,34.094968107725016,20.30548543318345,6.0,96.0,27.0,0.7465607195286447,-0.808640056190872,16.0,68.0,5.8136205516110255,3.415543547360638,0.7390208930265152,0.7844803269641544,0.1317410536448002,0.362261913408195,0.7700152583379991,0.010772501771793055,0.031467044649184976,0.027923458540042523,0.09454287739192062,0.21658398299078668,0.18299078667611623,0.073706591070163,0.05230333097094259,0.26364280652019845,0.04606661941885188
103,0,12798.0,904.2152954766494,127.65155578182592,0.8667675049921756,0.736448383013005,0.5604799859858106,0.19670177163684816,2.0051635589826473,212.90562738361027,106.1786837436999,42.04664791373652,27.78019841941708,0.0,255.0,42.0,0.5331284907669412,1.7954988752515915,5.0,78.0,6.598752222130531,4.849037234513375,0.8810203699037287,0.7555016459170193,0.2346832999512951,0.48416803235836725,0.8059581016934302,0.017424597593373965,0.04313173933427098,0.04836693233317706,0.1443194249101422,0.3127832473824035,0.18690420378184092,0.0807938740428192,0.042115955618065325,0.06485388341928426,0.0593061415846226
104,0,14315.0,1337.7848839920998,135.00527427802166,0.8473469876826617,0.6698642957416939,0.6281814990345796,0.1005144840032474,1.8830986510959122,231.2813162153267,122.81954324630166,93.97778553964373,27.558571842496058,0.0,255.0,94.0,0.24412582016249584,1.9060898717809227,60.0,126.0,6.809531316932974,15.435710653902655,1.7359565352247215,0.6418199698675292,0.1238592915327926,0.3514962708674151,0.7930002671155632,0.024310164163464897,0.04589591337757597,0.05867970660146699,0.15438351379671672,0.29402724414949355,0.18477121900104784,0.07928746070555362,0.053650017464198396,0.043450925602514845,0.06154383513796717
105,0,6304.0,369.9066376115481,89.59074779245046,0.8643497074949744,0.9180136886558905,0.6921387790953009,0.5789510151289571,1.9885015930307977,129.13494293958385,64.94082951312166,47.64355964467005,18.057420744057403,0.0,180.0,45.0,1.4579585576862157,5.682789720952815,28.0,72.0,6.083827647716605,6.300730471696431,1.0984378565084791,0.7097022772146093,0.09441720578377794,0.3064099807881604,0.6805939790203339,0.028553299492385786,0.0491751269035533,0.038864213197969545,0.12944162436548223,0.27411167512690354,0.18972081218274112,0.08010786802030456,0.06376903553299493,0.06234137055837564,0.08391497461928935
106,0,32513.0,1091.9259735953042,203.46212747824677,0.8849161538658687,0.7816000769267754,0.5291829427083333,0.342673495541787,2.147072937476255,336.41613522235457,156.68593709619847,47.46166148925045,20.276230744483293,0.0,228.0,40.0,1.4534475397367004,3.1119286546502494,30.0,79.0,6.0444918417131035,2.9747294009514054,0.5209607973558116,0.8517486976959017,0.23416408083592966,0.4838195251935305,0.8643106446169495,0.020053517054716575,0.045181927229108354,0.03444775935779534,0.11269338418478762,0.20524098053086456,0.1968750961154,0.07916833266693322,0.06397441023590564,0.1731922615569157,0.06917233106757296
107,0,9492.0,902.4701294725886,109.93447938943525,0.796595063414796,0.6886744540375825,0.5562913907284768,0.1464542304142376,1.6542233795600378,179.99216832146962,108.80765593419486,109.20343447113359,30.97561362911806,3.0,255.0,106.0,0.6402228514511901,1.4976368933543034,73.0,149.0,6.950300481324771,17.158176212299956,1.598324176023162,0.7000057070098733,0.1861168114280481,0.43130053170956584,0.8325531061087559,0.029287821323219554,0.06278971765697429,0.059945217024863044,0.1499157184997893,0.24188790560471976,0.17045933417614834,0.09334176148335441,0.06626632954066583,0.04898862199747155,0.07711757269279393
108,0,1951.0,289.32085117392114,49.84064959225855,0.9690901205750535,0.75357280803399,0.4753898635477583,0.292892104935795,4.053391457782042,108.53808489829346,26.777104069214168,60.32752434648898,15.792181105891876,15.0,101.0,62.0,-0.2175567181545582,-0.4812548976022688,39.0,80.0,6.03740954498262,7.84250891771684,1.251711575592395,0.7178119515004018,0.2250589203526488,0.4733487491494644,0.7303881413418856,0.015376729882111738,0.05945668887749872,0.06201947719118401,0.10609943618657099,0.31009738595592007,0.17324449000512557,0.08559712967708867,0.0814966683751922,0.044079958995386984,0.06253203485392107
109,0,9579.0,454.4751801064719,110.4371386763444,0.8703327964083051,0.9274786986831913,0.6953397212543554,0.5827867864500252,2.0306051480184135,160.442651503498,79.01223517534544,20.35932769600167,15.433896348475866,0.0,148.0,16.0,1.0335630968184666,1.1898536233505261,4.0,45.0,5.734237394896617,1.7327858985205513,0.497018817687502,0.8342165336977325,0.20159723651519562,0.4482346952375874,0.7579458974360089,0.01357135400354943,0.04395030796534085,0.028499843407453804,0.11723561958450777,0.2291470925983923,0.22465810627414134,0.09959285937989351,0.07067543584925358,0.10460382085812715,0.06806556007934023
110,0,3307.0,402.51681066681454,64.88916068527303,0.8666226444448508,0.7630364559298569,0.5180137844611529,0.25649329289120115,2.0041521258713,102.80123230243106,51.294126316752774,38.285455095252495,28.095061590152902,0.0,137.0,23.0,1.008802940844798,-0.1046490759739247,15.0,83.0,6.181434153615535,9.084729700567237,1.3855069986156796,0.7090746480523809,0.20964510038783365,0.4573684172139004,0.5939460679021862,0.02812216510432416,0.045358330813426065,0.05140610825521621,0.1363773813123677,0.169337768370124,0.13879649228908375,0.07771394012700332,0.07559721802237677,0.19413365588146356,0.08315693982461446
111,0,9797.0,879.0559159102155,111.68673967741377,0.8172400139121878,0.6989868721461188,0.6034121704853412,0.15931987978822787,1.7352150122742276,189.64140475440172,109.28985941969907,32.46208022864142,12.853764717346222,10.0,83.0,32.0,0.4028391177860537,-0.5020049360787868,16.0,50.0,5.622140108090142,2.1862528773940544,0.6417414880053466,0.7896455211512885,0.16466028401810934,0.40539178034349316,0.768385146084775,0.016229457997346125,0.04164540165356742,0.04174747371644381,0.1397366540777789,0.2346636725528223,0.17862611003368378,0.08410737981014596,0.05532305807900378,0.15045422067979994,0.05746657139940798
112,0,2620.0,354.63455967290594,57.75714334353913,0.9754056952296721,0.6485148514851485,0.33832644628099173,0.2617875829727106,4.536851602420852,139.55329966715712,30.75994365623329,36.45916030534351,20.084693102082404,6.0,96.0,34.0,0.5209780500180701,-0.7983032694827736,15.0,65.0,6.121295360234143,3.6487225303198576,0.7769884720578862,0.7997255030805397,0.40681347939105883,0.6376579181650981,0.6981126050670475,0.033206106870229006,0.056106870229007635,0.06603053435114503,0.14770992366412214,0.1851145038167939,0.13244274809160306,0.08511450381679389,0.07404580152671755,0.12366412213740458,0.09656488549618321
113,0,39807.0,1706.0823945689078,225.13073214750716,0.849490430763203,0.7672307455092129,0.7067753275806967,0.17185782454677304,1.8953608219369278,342.406454476585,180.6550238421987,87.77408495993167,18.362749744820018,2.0,212.0,86.0,1.2582943956981336,4.5787598911435685,67.0,110.0,6.146446549503303,6.890976007308208,1.0731947658273056,0.7080745799357983,0.0966080125997427,0.3103434347737535,0.8708676146929513,0.01889114979777426,0.07448438716808602,0.04906172281257065,0.12357123119049414,0.28075464114351745,0.16444343959605096,0.08249805310623759,0.07996081091265356,0.054412540507950864,0.0719220237646645
114,0,4089.0,410.8355697996826,72.15453207125718,0.9155656737011533,0.7516544117647059,0.6084821428571429,0.3044324198385732,2.4865199940728417,127.49678824733523,51.27519125172989,83.45879188065541,25.13203726808249,10.0,132.0,91.0,-1.5503524858254947,1.7267539485182493,40.0,106.0,6.168048502199963,10.540493037741527,1.363609944119095,0.7004534290041483,0.1348629704008792,0.3662157000319284,0.8211952697694938,0.02103203717290291,0.04206407434580582,0.053313768647591096,0.16018586451455125,0.26461237466373194,0.18537539740767914,0.09366593299095133,0.05527023722181462,0.05942773294203962,0.06505258009293226
115,0,63204.0,1298.7148622007608,283.679100720235,0.8291445626471041,0.8558776930681002,0.6090425531914894,0.470897958210338,1.7887991612404182,400.15681783248715,223.70136709758066,15.954749699386115,26.45879956752503,0.0,249.0,1.0,2.315693844529593,8.968616298606475,0.0,58.0,5.188376090186297,3.120131918541023,0.4675452511086354,0.8742683290426501,0.5703569842225276,0.7551607804435536,0.7751919116310948,0.0161065755331941,0.03483956711600532,0.03298841845452819,0.09504145307259035,0.11999240554395292,0.09519967090690462,0.040377191317005255,0.023447883045376875,0.49734194038352003,0.044664894626922344
116,0,7926.0,401.8061325481597,100.45743691519758,0.8482802689180888,0.9389882715318091,0.711553999461352,0.61692278474681,1.8884046198401911,139.3266360564472,73.78007583366212,28.56598536462276,18.142102430599373,10.0,86.0,16.0,1.257724435753517,0.32693557324431355,16.0,61.0,5.27044999457432,3.161938655444317,0.6180161926634267,0.834848411961342,0.2137759118874924,0.46216878267500394,0.7104367960176139,0.005172848851879889,0.015392379510471866,0.015897047691143074,0.06497602826141811,0.19719909159727478,0.13209689629068888,0.04403229876356296,0.03658844309866263,0.464925561443351,0.02371940449154681
117,0,22072.0,1143.1879502661795,167.63932483577506,0.8654116785869647,0.7542888387670016,0.5883826939994136,0.21223464304698267,1.9957629960236003,265.1255368933091,132.8441991466676,57.60212033345415,25.702798030611568,0.0,246.0,59.5,0.4032675049177334,1.8908434575520587,21.0,88.0,6.646693498936697,6.694372687982359,1.2256873986816792,0.6687173551863014,0.15907325349639878,0.39869416692466997,0.8050882251771809,0.044173613628126135,0.06900144980065241,0.07992026096411743,0.15127763682493658,0.1705328017397608,0.13918086263138818,0.09179050380572672,0.0746194273287423,0.0729430953243929,0.10656034795215658
118,0,5764.0,562.2680733252853,85.66768781666444,0.894692877468039,0.6129958523875358,0.4712230215827338,0.2291115523564919,2.2387299828690983,155.17143299092714,69.31225926230883,88.89798750867453,16.463964058986008,21.0,138.0,90.0,-0.2664403815029414,0.04615476940724861,69.0,110.0,6.09869896563609,8.541327550006296,1.008466545589749,0.7794924931537259,0.26077067606863824,0.5105033059972442,0.8600644178822636,0.01977793199167245,0.050485773768216516,0.050485773768216516,0.15301873698820265,0.27047189451769604,0.19517696044413602,0.09698126301179737,0.050312283136710614,0.04701596113809854,0.0662734212352533
119,0,18730.0,975.0691552395617,154.42725365973973,0.9103686313683449,0.7556685225530542,0.4410171886037203,0.24755790828815907,2.4166368686079576,274.74813067975526,113.69028348806785,31.99466097170315,19.235097428827476,0.0,170.0,24.0,1.1985485400516829,2.06860372604889,16.0,61.0,5.78284545845097,2.4654040936522197,0.49483354839191573,0.8612106648373236,0.31984944252807695,0.5654633615793413,0.7847946364334403,0.020822210357714897,0.036785904965296316,0.032674853176721835,0.09855846235985051,0.1985584623598505,0.1420715429791778,0.06460224239188468,0.05840896956753871,0.2869727709556861,0.0605445808862787
120,0,5462.0,539.906637611548,83.39325148561758,0.8179255259330316,0.7945883037532732,0.6669108669108669,0.2354638422058966,1.7381506856264564,123.09842265766935,70.82149072322966,51.153789820578545,17.941393343911884,16.0,200.0,49.0,1.304537555882074,6.023686245173263,29.0,72.0,6.095033139507779,4.720546461577459,0.94490638391426,0.7371335901625803,0.11336424987295156,0.3361497801119503,0.790751678360176,0.023251556206517757,0.06737458806298059,0.05199560600512633,0.13383376052727938,0.2316001464664958,0.18436470157451482,0.08586598315635298,0.0756133284511168,0.0710362504577078,0.07506407909190772
121,0,13319.0,958.8843430349617,130.22395131590667,0.8392041684585048,0.8071632022301679,0.7112950600801068,0.18203253961610394,1.8388556383387669,200.1848707424115,108.86383170527715,91.68278399279225,21.041210627319643,30.0,250.0,92.0,0.2965885429644146,0.8069795222591183,63.0,118.0,6.413629398375294,11.00659897527895,1.2622654980506525,0.7134138813671516,0.08527600168269715,0.2914977973309313,0.8153328448238766,0.027479540506044,0.04940310834146708,0.056836098806216685,0.15391545911855245,0.24446279750732036,0.17538854268338464,0.09024701554170733,0.06171634507095127,0.060064569412118025,0.08048652301223816
